Workbook

Sheet 雅秋一个区平滑后
A1: 662.67411
A2: 652.87595
A3: 643.59842
A4: 634.78427
A5: 626.37627
A6: 618.31715
A7: 610.45218
A8: 602.79215
A9: 595.37231
A10: 588.25653
A11: 581.75285
A12: 576.04811
... A192: 699.29208

Sheet 雅秋变一个区
A1: 662.55249
A2: 653.35011
A3: 643.14748
A4: 634.31268
A5: 627.33698
A6: 618.23103
A7: 610.0401
A8: 603.22541
A9: 595.47522
A10: 588.73119
A11: 581.12631
A12: 574.9377
... A192: 698.26122

Sheet 泉州-100
A1: =泉州负荷!A1-100 -> 423.37072
A2: =泉州负荷!A2-100 -> 415.73541
A3: =泉州负荷!A3-100 -> 410.04209
A4: =泉州负荷!A4-100 -> 406.71908
A5: =泉州负荷!A5-100 -> 401.52755
A6: =泉州负荷!A6-100 -> 397.62224
A7: =泉州负荷!A7-100 -> 392.65615
A8: =泉州负荷!A8-100 -> 388.11122
A9: =泉州负荷!A9-100 -> 383.39689
A10: =泉州负荷!A10-100 -> 380.66982
A11: =泉州负荷!A11-100 -> 376.44419
A12: =泉州负荷!A12-100 -> 372.50482
... A192: =泉州负荷!A192-100 -> 400.07888

Sheet 泉州负荷
A1: 523.37072
A2: 515.73541
A3: 510.04209
A4: 506.71908
A5: 501.52755
A6: 497.62224
A7: 492.65615
A8: 488.11122
A9: 483.39689
A10: 480.66982
A11: 476.44419
A12: 472.50482
... A192: 500.07888

Sheet 泉州-200
A1: =泉州负荷!A1-200 -> 323.37072
A2: =泉州负荷!A2-200 -> 315.73541
A3: =泉州负荷!A3-200 -> 310.04209
A4: =泉州负荷!A4-200 -> 306.71908
A5: =泉州负荷!A5-200 -> 301.52755
A6: =泉州负荷!A6-200 -> 297.62224
A7: =泉州负荷!A7-200 -> 292.65615
A8: =泉州负荷!A8-200 -> 288.11122
A9: =泉州负荷!A9-200 -> 283.39689
A10: =泉州负荷!A10-200 -> 280.66982
A11: =泉州负荷!A11-200 -> 276.44419
A12: =泉州负荷!A12-200 -> 272.50482
... A192: =泉州负荷!A192-200 -> 300.07888

Sheet 原始负荷
A1: 330
A2: 332.46073
A3: 334.92147
A4: 337.3822
A5: 339.84293
A6: 342.30366
A7: 344.7644
A8: 347.22513
A9: 349.68586
A10: 352.1466
A11: 354.60733
A12: 357.06806
... A192: 400

Sheet 第一次没更改的
A1: 530
A2: 532.46073
A3: 534.92147
A4: 537.3822
A5: 539.84293
A6: 542.30366
A7: 544.7644
A8: 547.22513
A9: 549.68586
A10: 552.1466
A11: 554.60733
A12: 557.06806
... A192: 600
